<?xml version="1.0" encoding="utf-8" ?>
<dwsync>
<file name="white-texture.png" server="C:/wamp/www/Portablesmax/" local="130221534442719949" remote="130221534440000000" />
<file name="search.png" server="C:/wamp/www/Portablesmax/" local="130222159313483111" remote="130222159310000000" />
<file name="favicon.ico" server="C:/wamp/www/Portablesmax/" local="130222257067116009" remote="130222257060000000" />
<file name="add468.png" server="C:/wamp/www/Portablesmax/" local="130222245888626636" remote="130222245880000000" />
<file name="arrows-down.png" server="C:/wamp/www/Portablesmax/" local="130222107309508832" remote="130222107300000000" />
<file name="out.png" server="C:/wamp/www/Portablesmax/" local="130222217370353774" remote="130222217370000000" />
<file name="fav.png" server="C:/wamp/www/Portablesmax/" local="130222216970620911" remote="130222216970000000" />
<file name="msn.png" server="C:/wamp/www/Portablesmax/" local="130222217172412453" remote="130222217170000000" />
<file name="notifica.png" server="C:/wamp/www/Portablesmax/" local="130222215464684776" remote="130222215460000000" />
<file name="date.png" server="C:/wamp/www/Portablesmax/" local="130222167351972887" remote="130222167350000000" />
<file name="category.png" server="C:/wamp/www/Portablesmax/" local="130222171400054424" remote="130222171400000000" />
<file name="author.png" server="C:/wamp/www/Portablesmax/" local="130222171426865957" remote="130222171420000000" />
<file name="permalink.png" server="C:/wamp/www/Portablesmax/" local="130222171699191533" remote="130222171690000000" />
<file name="logo.png" server="C:/wamp/www/Portablesmax/" local="130972720263855905" remote="130972720260000000" />
<file name="search.png" server="C:/wamp/www/Bogi/" local="130222159313483111" remote="130222159310000000" />
<file name="logo.png" server="C:/wamp/www/Bogi/" local="131123966546251931" remote="131123966540000000" />
<file name="add468.png" server="C:/wamp/www/Bogi/" local="130222245888626636" remote="130222245880000000" />
</dwsync>